item_type,item_id,grade,rule,confidence,n_retailers_in_stock_exact,n_retailers_listed_exact,n_retailers_variant,n_sources_searched,supporting_listing_ids,cheapest_unit_price_sgd_per_kg,cheapest_listing_id,verified_on
ingredient,idli_rice,Confirmed,R1_exact_in_stock_catalogue,0.8,2,1,0,3,L0001|L0002|L0003|L0004|L0180|L0181|L0182,1.96,L0181,2026-09-28
ingredient,sona_masoori_rice,Confirmed,R1_exact_in_stock_catalogue,0.7,1,1,0,1,L0008,3.86,L0008,2026-09-28
ingredient,poha,Confirmed,R1_exact_in_stock_catalogue,0.7,1,3,2,3,L0160,3.2,L0160,2026-09-28
ingredient,rava_semolina,Confirmed,R1_exact_in_stock_catalogue,0.7,1,0,0,1,L0013|L0014,4.71,L0013,2026-09-28
ingredient,urad_dal,Confirmed,R1_exact_in_stock_catalogue,0.8,2,2,1,3,L0015|L0016|L0017|L0174,4.65,L0015,2026-09-28
ingredient,chana_dal,Confirmed,R1_exact_in_stock_catalogue,0.7,1,0,0,1,L0019|L0020|L0021,3.4,L0019,2026-09-28
ingredient,toor_dal,Confirmed,R1_exact_in_stock_catalogue,0.8,2,2,0,3,L0026|L0177,5.9,L0026,2026-09-28
ingredient,moong_dal_yellow,Confirmed,R1_exact_in_stock_catalogue,0.8,2,2,1,4,L0170|L0246,4.0,L0170,2026-09-28
ingredient,green_moong_whole,Confirmed,R1_exact_in_stock_catalogue,0.7,1,0,0,1,L0024|L0025,4.5,L0024,2026-09-28
ingredient,peanuts,Confirmed,R1_exact_in_stock_catalogue,0.7,1,1,1,2,L0045,9.1,L0045,2026-09-28
ingredient,cashews,Confirmed,R1_exact_in_stock_catalogue,0.8,2,0,0,2,L0047|L0048|L0049|L0224,19.2,L0224,2026-09-28
ingredient,sesame_seeds_white,Confirmed,R1_exact_in_stock_catalogue,0.7,1,0,0,1,L0050,7.13,L0050,2026-09-28
ingredient,mustard_seeds,Confirmed,R1_exact_in_stock_catalogue,0.8,2,0,0,2,L0051|L0225|L0226,4.5,L0226,2026-09-28
ingredient,cumin_seeds,Confirmed,R1_exact_in_stock_catalogue,0.8,2,0,0,2,L0053|L0163|L0164,7.6,L0164,2026-09-28
ingredient,fenugreek_seeds,Confirmed,R1_exact_in_stock_catalogue,0.8,2,0,0,2,L0052|L0227|L0228,5.68,L0052,2026-09-28
ingredient,coriander_seeds,Confirmed,R1_exact_in_stock_catalogue,0.7,1,0,0,2,L0165|L0166,5.4,L0166,2026-09-28
ingredient,black_peppercorns,Confirmed,R1_exact_in_stock_catalogue,0.7,1,0,2,2,L0056|L0057,31.69,L0056,2026-09-28
ingredient,dried_red_chilli,Confirmed,R1_exact_in_stock_catalogue,0.8,2,1,0,2,L0054|L0235,15.72,L0054,2026-09-28
ingredient,kashmiri_chilli,Difficult,R3a_variant_form_only,0.35,0,0,2,2,L0059|L0060|L0233|L0234,,,2026-09-28
ingredient,cinnamon,Confirmed,R1_exact_in_stock_catalogue,0.7,1,0,0,1,L0063,23.0,L0063,2026-09-28
ingredient,cloves,Confirmed,R1_exact_in_stock_catalogue,0.7,1,0,0,1,L0064|L0065,32.0,L0065,2026-09-28
ingredient,green_cardamom,Confirmed,R1_exact_in_stock_catalogue,0.7,1,0,0,1,L0068,83.0,L0068,2026-09-28
ingredient,asafoetida,Confirmed,R1_exact_in_stock_catalogue,0.7,1,3,0,3,L0167|L0168,25.5,L0168,2026-09-28
ingredient,turmeric_powder,Confirmed,R1_exact_in_stock_catalogue,0.8,2,0,0,2,L0075|L0076|L0237,10.5,L0237,2026-09-28
ingredient,red_chilli_powder,Confirmed,R1_exact_in_stock_catalogue,0.8,2,0,0,2,L0061|L0062|L0231|L0232,9.25,L0232,2026-09-28
ingredient,sambar_powder,Confirmed,R1_exact_in_stock_catalogue,0.8,2,0,0,2,L0077|L0078|L0210|L0211,10.35,L0211,2026-09-28
ingredient,rasam_powder,Confirmed,R1_exact_in_stock_catalogue,0.7,1,0,0,2,L0202|L0203,16.0,L0202,2026-09-28
ingredient,curry_leaves,Confirmed,R1_exact_in_stock_catalogue,0.8,2,1,0,3,L0080|L0158,13.33,L0158,2026-09-28
ingredient,green_chilli,Confirmed,R1_exact_in_stock_catalogue,0.8,2,0,1,2,L0037|L0242,10.75,L0037,2026-09-28
ingredient,ginger,Confirmed,R1_exact_in_stock_catalogue,0.8,2,0,0,2,L0081|L0082|L0243,4.8,L0243,2026-09-28
ingredient,garlic,Confirmed,R1_exact_in_stock_catalogue,0.7,1,0,0,2,L0066|L0067,6.1,L0067,2026-09-28
ingredient,coriander_leaves,Confirmed,R1_exact_in_stock_catalogue,0.7,1,0,0,1,L0055,25.5,L0055,2026-09-28
ingredient,lemon,Confirmed,R1_exact_in_stock_catalogue,0.7,1,0,0,1,L0031,12.32,L0031,2026-09-28
ingredient,onion,Confirmed,R1_exact_in_stock_catalogue,0.8,2,0,0,2,L0030|L0238,1.77,L0238,2026-09-28
ingredient,shallots,Confirmed,R1_exact_in_stock_catalogue,0.7,1,0,0,1,L0083|L0084,5.55,L0084,2026-09-28
ingredient,tomato,Confirmed,R1_exact_in_stock_catalogue,0.7,1,0,0,1,L0029,3.1,L0029,2026-09-28
ingredient,carrot,Confirmed,R1_exact_in_stock_catalogue,0.8,2,0,0,2,L0035|L0240,3.37,L0240,2026-09-28
ingredient,drumstick,Confirmed,R1_exact_in_stock_catalogue,0.8,2,1,0,3,L0033|L0186,11.56,L0186,2026-09-28
ingredient,okra,Confirmed,R1_exact_in_stock_catalogue,0.7,1,0,0,1,L0034,9.97,L0034,2026-09-28
ingredient,brinjal_small,Confirmed,R1_exact_in_stock_catalogue,0.8,2,0,0,2,L0085|L0086|L0201,6.5,L0085,2026-09-28
ingredient,ash_gourd,Confirmed,R1_exact_in_stock_catalogue,0.8,2,0,1,2,L0087|L0196,2.79,L0087,2026-09-28
ingredient,pumpkin,Confirmed,R1_exact_in_stock_catalogue,0.8,2,0,0,2,L0089|L0239,3.16,L0239,2026-09-28
ingredient,elephant_foot_yam,Confirmed,R1_exact_in_stock_catalogue,0.8,2,0,1,2,L0090|L0197,7.14,L0090,2026-09-28
ingredient,mangalore_cucumber,Difficult,R3b_absent_after_sufficient_search,0.3,0,0,0,4,,,,2026-09-28
ingredient,raw_banana,Confirmed,R1_exact_in_stock_catalogue,0.8,2,0,0,2,L0038|L0200,9.33,L0200,2026-09-28
ingredient,french_beans,Confirmed,R1_exact_in_stock_catalogue,0.8,2,0,0,2,L0032|L0241,8.42,L0032,2026-09-28
ingredient,cucumber,Confirmed,R1_exact_in_stock_catalogue,0.8,2,0,0,2,L0036|L0093|L0199,2.67,L0199,2026-09-28
ingredient,gongura_leaves,Difficult,R3a_variant_form_only,0.35,0,0,2,7,L0284|L0285,,,2026-09-28
ingredient,green_peas,Confirmed,R1_exact_in_stock_catalogue,0.7,1,0,0,1,L0027,11.96,L0027,2026-09-28
ingredient,fresh_grated_coconut,Confirmed,R1_exact_in_stock_catalogue,0.7,1,1,1,3,L0191|L0192|L0193,9.25,L0193,2026-09-28
ingredient,curd_yogurt,Confirmed,R1_exact_in_stock_catalogue,0.8,2,0,0,2,L0100|L0101|L0216|L0217,5.0,L0216,2026-09-28
ingredient,ghee,Confirmed,R1_exact_in_stock_catalogue,0.8,2,0,0,2,L0102|L0104|L0105|L0106|L0214|L0215,20.05,L0214,2026-09-28
ingredient,cooking_oil,Confirmed,R1_exact_in_stock_catalogue,0.7,1,0,0,1,L0112,5.32,L0112,2026-09-28
ingredient,coconut_oil,Confirmed,R1_exact_in_stock_catalogue,0.8,2,0,0,2,L0107|L0108|L0194|L0195,10.71,L0194,2026-09-28
ingredient,sesame_oil,Confirmed,R1_exact_in_stock_catalogue,0.8,2,0,0,2,L0109|L0110|L0220,10.33,L0220,2026-09-28
ingredient,jaggery,Confirmed,R1_exact_in_stock_catalogue,0.8,2,0,0,2,L0113|L0114|L0212|L0213,4.3,L0213,2026-09-28
ingredient,tamarind,Confirmed,R1_exact_in_stock_catalogue,0.7,1,1,1,2,L0183|L0184|L0185,8.1,L0183,2026-09-28
ingredient,salt,Confirmed,R1_exact_in_stock_catalogue,0.7,1,0,0,1,L0116|L0117,2.29,L0116,2026-09-28
ingredient,curd_chillies,Confirmed,R1_exact_in_stock_catalogue,0.7,1,1,0,2,L0218,14.0,L0218,2026-09-28
ingredient,vadiyalu,Difficult,R3a_variant_form_only,0.35,0,0,1,2,L0188|L0189,,,2026-09-28
ingredient,ginger_garlic_paste,Confirmed,R1_exact_in_stock_catalogue,0.7,1,1,0,2,L0121,16.61,L0121,2026-09-28
ingredient,idli_rava,Likely,R2_exact_listed_stock_unverified,0.5,0,1,0,1,L0205|L0206,,,2026-09-28
ingredient,instant_idli_mix,Confirmed,R1_exact_in_stock_catalogue,0.7,1,1,0,2,L0005,11.0,L0005,2026-09-28
ingredient,ready_idli_dosa_batter,Confirmed,R1_exact_in_stock_catalogue,0.7,1,1,1,2,L0150,3.75,L0150,2026-09-28
ingredient,ready_idli_frozen,Confirmed,R1_exact_in_stock_catalogue,0.7,1,0,0,1,L0131,,,2026-09-28
ingredient,gongura_pickle,Confirmed,R1_exact_in_stock_catalogue,0.8,2,2,0,4,L0095|L0096|L0156|L0157,6.33,L0156,2026-09-28
ingredient,desiccated_coconut,Confirmed,R1_exact_in_stock_catalogue,0.7,1,1,0,2,L0098|L0099,15.64,L0098,2026-09-28
ingredient,coconut_milk,Confirmed,R1_exact_in_stock_catalogue,0.7,1,0,0,1,L0125,18.9,L0125,2026-09-28
ingredient,basmati_rice,Confirmed,R1_exact_in_stock_catalogue,0.7,1,0,0,1,L0007,6.2,L0007,2026-09-28
ingredient,jasmine_rice,Likely,R2_exact_listed_stock_unverified,0.5,0,1,0,2,L0264|L0265,,,2026-09-28
ingredient,frozen_drumstick,Unknown,R4_insufficient_evidence,0.0,0,0,0,1,,,,2026-09-28
ingredient,zucchini,Confirmed,R1_exact_in_stock_catalogue,0.7,1,0,0,1,L0151,15.8,L0151,2026-09-28
ingredient,taro,Likely,R2_exact_listed_stock_unverified,0.5,0,1,0,2,L0266,,,2026-09-28
ingredient,spinach,Confirmed,R1_exact_in_stock_catalogue,0.7,1,0,0,1,L0127,10.47,L0127,2026-09-28
ingredient,raw_mango,Confirmed,R1_exact_in_stock_catalogue,0.7,1,0,0,1,L0126,9.58,L0126,2026-09-28
ingredient,gula_melaka,Confirmed,R1_exact_in_stock_catalogue,0.7,1,0,0,1,L0152,7.32,L0152,2026-09-28
ingredient,groundnut_oil,Confirmed,R1_exact_in_stock_catalogue,0.8,2,0,0,2,L0111|L0221,10.55,L0111,2026-09-28
utensil,pressure_cooker,Confirmed,R1_exact_in_stock_catalogue,0.7,1,1,0,2,L0132|L0133|L0134,,,2026-09-28
utensil,electric_pressure_cooker,Likely,R2_exact_listed_stock_unverified,0.5,0,1,0,1,L0277,,,2026-09-28
utensil,mixer_grinder,Confirmed,R1_exact_in_stock_catalogue,0.7,1,1,1,3,L0252|L0253|L0254,,,2026-09-28
utensil,wet_grinder,Confirmed,R1_exact_in_stock_catalogue,0.8,2,1,0,2,L0135|L0136|L0256|L0257,,,2026-09-28
utensil,blender,Confirmed,R1_exact_in_stock_catalogue,0.7,1,0,0,1,L0258,,,2026-09-28
utensil,mortar_pestle,Confirmed,R1_exact_in_stock_catalogue,0.7,1,0,0,1,L0286,,,2026-09-28
utensil,idli_steamer,Confirmed,R1_exact_in_stock_catalogue,0.7,1,1,0,1,L0130,,,2026-09-28
utensil,steamer_pot,Confirmed,R1_exact_in_stock_catalogue,0.7,1,0,0,1,L0149,,,2026-09-28
utensil,dosa_tawa,Confirmed,R1_exact_in_stock_catalogue,0.7,1,0,1,1,L0143|L0144,,,2026-09-28
utensil,kadai,Confirmed,R1_exact_in_stock_catalogue,0.7,1,0,0,1,L0140|L0141|L0142,,,2026-09-28
utensil,tadka_pan,Confirmed,R1_exact_in_stock_catalogue,0.7,1,0,0,1,L0145|L0146,,,2026-09-28
