dish_id,name,aliases,region,course,yield_text,servings_est,needs_fermentation,cooking_method,source_title,source_url,retrieved_on
idli,Idli,idly|iddly,Pan-South Indian,breakfast,16 idlis,4,yes,steam,Idli Recipe (Idli Batter Recipe with Pro Tips) - Swasthi's Recipes,https://www.indianhealthyrecipes.com/soft-idli-recipe-using-idli-rava/,2026-09-28
dosa,Plain Dosa,dosai|attu,Pan-South Indian,breakfast,12 dosas,4,yes,griddle,Authentic Dosa Recipe with Dosa Batter - Swasthi's Recipes,https://www.indianhealthyrecipes.com/dosa-recipe-dosa-batter/,2026-09-28
medu_vada,Medu Vada,garelu|ulundu vadai|uddina vada,Pan-South Indian,breakfast,15 vadas,5,no,deep_fry,Medu Vada Recipe (Garelu) - Swasthi's Recipes,https://www.indianhealthyrecipes.com/garelu-medhu-vadai-recipe/,2026-09-28
coconut_chutney,Coconut Chutney (idli/dosa chutney),kobbari pachadi|thengai chutney,Pan-South Indian,condiment,4 servings,4,no,grind,Idli Chutney (Dosa Chutney Recipe) - Swasthi's Recipes,https://www.indianhealthyrecipes.com/coconut-chutney-recipe-idli-dosa-chutney/,2026-09-28
sambar,Sambar,pappu charu (related)|sambhar,Pan-South Indian,main,4 servings,4,no,pressure_cook_simmer,Sambar Recipe - How to Make Sambar - Swasthi's Recipes,https://www.indianhealthyrecipes.com/andhra-sambar-recipe-how-to-make-south-indian-sambar/,2026-09-28
tomato_rasam,Tomato Rasam (Andhra tomato charu),tomato charu|thakkali rasam,Andhra Pradesh,main,3 to 4 servings,3,no,simmer,Tomato Rasam Recipe (Andhra Tomato Charu) - Swasthi's Recipes,https://www.indianhealthyrecipes.com/tomato-charu-recipe-tomato-rasam-recipe-andhra-style/,2026-09-28
ven_pongal,Ven Pongal,khara pongal|ghee pongal,Tamil Nadu,breakfast,3 servings,3,no,pressure_cook,Ven Pongal Recipe (Khara Pongal) - Swasthi's Recipes,https://www.indianhealthyrecipes.com/pongal-recipe-venn-pongal/,2026-09-28
rava_upma,Rava Upma,upma|uppittu,Pan-South Indian,breakfast,2 to 3 servings,2,no,saute_simmer,Upma Recipe (Rava Upma) - Swasthi's Recipes,https://www.indianhealthyrecipes.com/upma-recipe-how-to-make-upma/,2026-09-28
lemon_rice,Lemon Rice,nimmakaya pulihora|chitranna|elumichai sadam,Pan-South Indian,main,3 to 4 servings,3,no,saute,Lemon Rice Recipe (Chitranna) - Swasthi's Recipes,https://www.indianhealthyrecipes.com/lemon-rice-recipe/,2026-09-28
pulihora,Pulihora (tamarind rice),chintapandu pulihora|puliyodharai|puliyogare,Andhra Pradesh,main,3 servings,3,no,saute,Pulihora Recipe - Swasthi's Recipes,https://www.indianhealthyrecipes.com/pulihora-recipe/,2026-09-28
curd_rice,Curd Rice,daddojanam|thayir sadam|perugu annam,Pan-South Indian,main,2 servings,2,no,mix_temper,Curd Rice Recipe - Swasthi's Recipes,https://www.indianhealthyrecipes.com/curd-rice-recipe/,2026-09-28
pesarattu,Pesarattu,pesarattu dosa|green moong dosa,Andhra Pradesh,breakfast,14 pesarattu,4,no,griddle,Pesarattu Recipe - Swasthi's Recipes,https://www.indianhealthyrecipes.com/andhra-pesarattu-whole-moong-dosa/,2026-09-28
gongura_pachadi,Gongura Pachadi,gongura chutney|pulicha keerai thokku,Andhra Pradesh,condiment,3 to 4 servings,3,no,saute_grind,Gongura Pachadi (Gongura Pickle) - Swasthi's Recipes,https://www.indianhealthyrecipes.com/gongura-pachadi-red-sorrel-leaves-chutney/,2026-09-28
avial,Avial,aviyal,Kerala,main,4 servings,4,no,simmer,Avial Recipe - How to make Kerala Aviyal - Dassana's Veg Recipes,https://www.vegrecipesofindia.com/avial-recipe-kerala-avial-recipe/,2026-09-28
gutti_vankaya_kura,Gutti Vankaya Kura (stuffed brinjal curry),gutti vankaya|gutti vankaya curry|ennai kathirikkai (related)|enne badanekai (related),Andhra Pradesh,main,2 servings,2,no,saute_simmer,Gutti Vankaya Curry - Swasthi's Recipes,https://www.indianhealthyrecipes.com/gutti-vankaya-kura-enne-badanekai-recipe/,2026-09-28
