ingredient_id,alias,language,is_ambiguous,note
idli_rice,idly rice,sg_retail,no,Spelling used by Udhayam/Ambikas/Anarkali listings
idli_rice,iddly rice,sg_retail,no,
idli_rice,parboiled rice,en,yes,Parboiled long-grain (e.g. ponni boiled) is not the same as idli rice
sona_masoori_rice,sona massori,sg_retail,no,Spelling in Udhayam listing handle
sona_masoori_rice,raw rice,en,yes,
sona_masoori_rice,ponni raw rice,ta,no,
poha,aval,ta,no,
poha,atukulu,te,no,
poha,rice flakes,en,no,
poha,flattened rice,en,no,
poha,avalakki,kn,no,
rava_semolina,sooji,hi,no,
rava_semolina,suji,hi,no,
rava_semolina,semolina,en,no,
rava_semolina,bombay rava,en,no,
rava_semolina,upma rava,te,no,
urad_dal,urid dal,sg_retail,no,Common Singapore spelling
urad_dal,urid dhall,sg_retail,no,
urad_dal,minapappu,te,no,
urad_dal,ulundu,ta,no,
urad_dal,black gram skinned,en,no,
urad_dal,urad gota,hi,no,Whole skinned
chana_dal,channa dal,sg_retail,no,
chana_dal,gram dhall,sg_retail,no,Udhaiyam listing name
chana_dal,senagapappu,te,no,
chana_dal,kadalai paruppu,ta,no,
chana_dal,bengal gram,en,no,
toor_dal,toor dhall,sg_retail,no,
toor_dal,kandipappu,te,no,
toor_dal,thuvaram paruppu,ta,no,
toor_dal,arhar dal,hi,no,
toor_dal,split pigeon peas,en,no,
moong_dal_yellow,moong dhall,sg_retail,no,
moong_dal_yellow,pesarapappu,te,no,
moong_dal_yellow,pasi paruppu,ta,no,
moong_dal_yellow,mung dal,en,yes,Can mean green split with skin
green_moong_whole,pesalu,te,no,
green_moong_whole,green gram,en,no,
green_moong_whole,pachai payaru,ta,no,
green_moong_whole,sabut moong,hi,no,
peanuts,groundnut,en,no,
peanuts,verusenagalu,te,no,
peanuts,verkadalai,ta,no,
peanuts,kacang tanah,ms,no,
cashews,jeedipappu,te,no,
cashews,munthiri,ta,no,
cashews,kaju,hi,no,
sesame_seeds_white,nuvvulu,te,no,
sesame_seeds_white,ellu,ta,no,
sesame_seeds_white,til,hi,no,
mustard_seeds,avalu,te,no,
mustard_seeds,kadugu,ta,no,
mustard_seeds,rai,hi,no,
cumin_seeds,jeera,hi,yes,Search for 'jeera' returns jeera rice and snacks
cumin_seeds,jeelakarra,te,no,
cumin_seeds,seeragam,ta,no,
cumin_seeds,jintan putih,ms,no,
fenugreek_seeds,methi seeds,hi,no,
fenugreek_seeds,menthulu,te,no,
fenugreek_seeds,vendhayam,ta,no,
coriander_seeds,dhania,hi,no,
coriander_seeds,dhaniyalu,te,no,
coriander_seeds,kothamalli vidhai,ta,no,
coriander_seeds,ketumbar,ms,no,
black_peppercorns,miriyalu,te,no,
black_peppercorns,milagu,ta,no,
black_peppercorns,kali mirch,hi,no,
dried_red_chilli,endu mirapakayalu,te,no,
dried_red_chilli,vara milagai,ta,no,
dried_red_chilli,cili kering,ms,no,
kashmiri_chilli,kashmiri mirch,hi,no,
kashmiri_chilli,byadgi chilli,kn,yes,Byadgi is a different but similar mild red chilli
cinnamon,dalchina chekka,te,no,
cinnamon,pattai,ta,no,
cinnamon,kayu manis,ms,no,
cloves,lavangalu,te,no,
cloves,grambu,ta,no,Malika listing name
cloves,bunga cengkih,ms,no,
green_cardamom,elaichi,hi,no,
green_cardamom,yelakulu,te,no,
green_cardamom,elakkai,ta,no,
asafoetida,hing,hi,yes,Substring 'hing' matches unrelated products in WooCommerce search
asafoetida,inguva,te,no,
asafoetida,perungayam,ta,no,
turmeric_powder,pasupu,te,no,
turmeric_powder,manjal,ta,no,
turmeric_powder,haldi,hi,no,
turmeric_powder,kunyit,ms,yes,Kunyit alone often means fresh turmeric root in Singapore
red_chilli_powder,karam,te,no,
red_chilli_powder,milagai thool,ta,no,
red_chilli_powder,serbuk cili,ms,no,
curry_leaves,karivepaku,te,no,
curry_leaves,karuveppilai,ta,no,
curry_leaves,kadi patta,hi,no,
curry_leaves,daun kari,ms,no,
green_chilli,pachi mirapakayalu,te,no,
green_chilli,pachai milagai,ta,no,
green_chilli,cili hijau,ms,no,
green_chilli,chilli padi,sg_retail,yes,Chilli padi (bird's eye) is much hotter than Indian green chilli
ginger,allam,te,no,
ginger,inji,ta,no,
ginger,halia,ms,no,
garlic,vellulli,te,no,
garlic,poondu,ta,no,
garlic,lahsun,hi,no,
garlic,bawang putih,ms,no,
coriander_leaves,kothimeera,te,no,
coriander_leaves,kothamalli,ta,no,
coriander_leaves,cilantro,en,no,
coriander_leaves,daun ketumbar,ms,no,
lemon,nimmakaya,te,no,
lemon,elumichai,ta,no,
lemon,lime,en,yes,Recipe-endorsed swap; limau nipis is the common Singapore lime
onion,ullipaya,te,no,
onion,vengayam,ta,no,
onion,big onion,sg_retail,no,
onion,bawang besar,ms,no,
shallots,small onion,sg_retail,no,Waangoo listing name
shallots,chinna vengayam,ta,no,
shallots,sambar onion,en,no,
shallots,bawang merah,ms,no,
tomato,tamata,te,no,
tomato,thakkali,ta,no,
carrot,carrot,en,no,
drumstick,mulakkada,te,no,
drumstick,murungakkai,ta,no,
drumstick,moringa pod,en,no,Use this or native names when searching Singapore retailers
drumstick,drumstick,en,yes,Collides with chicken drumsticks in Singapore retailer search results
drumstick,kacang kelor,ms,no,
okra,bendakaya,te,no,
okra,vendakkai,ta,no,
okra,lady's finger,sg_retail,no,Common Singapore English
okra,bhindi,hi,no,
okra,bendi,ms,no,
brinjal_small,vankaya,te,no,
brinjal_small,kathirikkai,ta,no,
brinjal_small,baingan,hi,no,
brinjal_small,terung,ms,no,
brinjal_small,eggplant,en,yes,Default Singapore eggplant is long purple Chinese/Japanese type
ash_gourd,winter melon,sg_retail,no,Standard Singapore name
ash_gourd,boodida gummadikaya,te,no,
ash_gourd,poosanikai,ta,yes,Also used for yellow pumpkin in some regions
ash_gourd,kumbalanga,ml,no,
ash_gourd,tung kwa,zh-SG,no,Cantonese name used in Singapore wet markets
pumpkin,gummadikaya,te,no,
pumpkin,parangikai,ta,no,
pumpkin,labu,ms,no,
elephant_foot_yam,kanda,te,no,
elephant_foot_yam,senai kizhangu,ta,no,
elephant_foot_yam,suran,hi,no,
elephant_foot_yam,chena,ml,no,
elephant_foot_yam,yam,sg_retail,yes,In Singapore 'yam' usually means taro
mangalore_cucumber,dosakaya,te,no,
mangalore_cucumber,southekai,kn,no,
mangalore_cucumber,madras cucumber,en,no,
mangalore_cucumber,vellari,ml,yes,
mangalore_cucumber,sambar cucumber,en,no,
raw_banana,aratikaya,te,no,
raw_banana,vazhakkai,ta,no,
raw_banana,plantain,en,no,
french_beans,beans,en,yes,
french_beans,kacang buncis,ms,no,
gongura_leaves,gongura,te,no,
gongura_leaves,pulichakeerai,ta,no,
gongura_leaves,red sorrel leaves,en,no,
gongura_leaves,roselle leaves,en,no,
gongura_leaves,ambadi,hi,no,
gongura_leaves,daun asam susur,ms,no,Malay name for roselle (Asam Susur) per herbalwise.com.my listing
fresh_grated_coconut,kobbari,te,no,
fresh_grated_coconut,thengai,ta,no,
fresh_grated_coconut,kelapa parut,ms,no,Singapore wet-market name for freshly grated coconut
curd_yogurt,perugu,te,no,
curd_yogurt,thayir,ta,no,
curd_yogurt,dahi,hi,no,
curd_yogurt,yoghurt,sg_retail,no,
ghee,neyyi,te,no,
ghee,nei,ta,no,
ghee,minyak sapi,ms,no,
sesame_oil,gingelly oil,sg_retail,no,
sesame_oil,nuvvula nune,te,no,
sesame_oil,nallennai,ta,no,
jaggery,bellam,te,no,
jaggery,vellam,ta,no,
jaggery,gur,hi,no,
tamarind,chintapandu,te,no,
tamarind,puli,ta,no,
tamarind,imli,hi,no,
tamarind,asam jawa,ms,no,Singapore/Malaysia name - e.g. Adabi Asam Jawa at Kiasumart
tamarind,asam,ms,yes,Asam alone can mean asam gelugur (a different souring agent)
curd_chillies,majjiga mirapakayalu,te,no,
curd_chillies,mor milagai,ta,no,
curd_chillies,dried curd chillies,sg_retail,no,Kiasumart listing name
vadiyalu,vadiyalu,te,no,
vadiyalu,vadagam,ta,yes,Tamil vadagam is often rice- or onion-based rather than lentil
vadiyalu,vadam,ta,yes,
coconut_milk,santan,ms,no,
gula_melaka,coconut sugar,en,no,
jasmine_rice,thai hom mali rice,sg_retail,no,
jasmine_rice,fragrant rice,sg_retail,no,
taro,yam,sg_retail,yes,Singapore usage
spinach,bayam,ms,yes,Bayam is strictly amaranth; SingStat labels spinach as 'Spinach (Bayam)'
spinach,palakura,te,no,
raw_mango,mamidikaya,te,no,
raw_mango,mangai,ta,no,
