series,unit_text,unit_qty,unit,price_sgd,period,mapped_ingredient_id,source,dataset_id,source_url,retrieved_on,note
Premium Thai Rice (Per 5 Kilogram),Per 5 Kilogram,5000,g,13.82,2024-12,jasmine_rice,SingStat via data.gov.sg,d_d2467766bca7c1ed64ecd8fe07029df3,https://data.gov.sg/datasets/d_d2467766bca7c1ed64ecd8fe07029df3/view,2026-09-28,Latest month present in the data.gov.sg resource at retrieval
Cooking Oil (Per 2 Kilogram),Per 2 Kilogram,2000,g,6.37,2024-12,cooking_oil,SingStat via data.gov.sg,d_d2467766bca7c1ed64ecd8fe07029df3,https://data.gov.sg/datasets/d_d2467766bca7c1ed64ecd8fe07029df3/view,2026-09-28,
Tomatoes (Per Kilogram),Per Kilogram,1000,g,2.88,2024-12,tomato,SingStat via data.gov.sg,d_d2467766bca7c1ed64ecd8fe07029df3,https://data.gov.sg/datasets/d_d2467766bca7c1ed64ecd8fe07029df3/view,2026-09-28,
Carrots (Per Kilogram),Per Kilogram,1000,g,2.10,2024-12,carrot,SingStat via data.gov.sg,d_d2467766bca7c1ed64ecd8fe07029df3,https://data.gov.sg/datasets/d_d2467766bca7c1ed64ecd8fe07029df3/view,2026-09-28,
Spinach (Bayam) (Per Kilogram),Per Kilogram,1000,g,4.46,2024-12,spinach,SingStat via data.gov.sg,d_d2467766bca7c1ed64ecd8fe07029df3,https://data.gov.sg/datasets/d_d2467766bca7c1ed64ecd8fe07029df3/view,2026-09-28,Bayam is botanically amaranth
Potatoes (Per Kilogram),Per Kilogram,1000,g,2.86,2024-12,,SingStat via data.gov.sg,d_d2467766bca7c1ed64ecd8fe07029df3,https://data.gov.sg/datasets/d_d2467766bca7c1ed64ecd8fe07029df3/view,2026-09-28,Not used by current dishes
Cabbage (Per Kilogram),Per Kilogram,1000,g,3.20,2024-12,,SingStat via data.gov.sg,d_d2467766bca7c1ed64ecd8fe07029df3,https://data.gov.sg/datasets/d_d2467766bca7c1ed64ecd8fe07029df3/view,2026-09-28,Not used by current dishes
White Sugar (Per 2 Kilogram),Per 2 Kilogram,2000,g,3.63,2024-12,,SingStat via data.gov.sg,d_d2467766bca7c1ed64ecd8fe07029df3,https://data.gov.sg/datasets/d_d2467766bca7c1ed64ecd8fe07029df3/view,2026-09-28,Reference for sweetener cost
Fresh Milk (Per Litre),Per Litre,1000,ml,3.70,2024-12,,SingStat via data.gov.sg,d_d2467766bca7c1ed64ecd8fe07029df3,https://data.gov.sg/datasets/d_d2467766bca7c1ed64ecd8fe07029df3/view,2026-09-28,Reference for dairy cost
Hen Eggs (Per 10),Per 10,10,piece,3.37,2024-12,,SingStat via data.gov.sg,d_d2467766bca7c1ed64ecd8fe07029df3,https://data.gov.sg/datasets/d_d2467766bca7c1ed64ecd8fe07029df3/view,2026-09-28,Not used (vegetarian dish set)
