sub_id,item_type,original_id,substitute_id,context_dish_id,ratio,prep_note,fidelity_impact,dietary_effect,evidence_type,source_url,claude_proposed_acceptability,human_label,human_label_notes
SUB001,ingredient,poha,fenugreek_seeds,idli,2 tbsp poha -> ½ tsp methi,Soak methi with urad dal,low,,recipe_author,https://www.indianhealthyrecipes.com/soft-idli-recipe-using-idli-rava/,acceptable,acceptable,
SUB002,ingredient,idli_rice,idli_rava,idli,1 cup rice -> 1 cup + 2 tbsp idli rava,Soak rava briefly; no rice grinding needed,low,,recipe_author,https://www.indianhealthyrecipes.com/soft-idli-recipe-using-idli-rava/,acceptable,acceptable,
SUB003,ingredient,idli_rice,ready_idli_dosa_batter,idli,replace urad+rice batter entirely,Removes grinding and fermentation; homemade texture differs,medium,,curated_unsourced,,acceptable_with_caveat,acceptable_with_caveat,
SUB004,ingredient,idli_rice,ready_idli_frozen,idli,replace whole dish,Reheat; no longer cooking the dish,high,,curated_unsourced,,unacceptable,unacceptable,Replaces cooking with ready-made food - fails 'adapt the dish they named'
SUB005,ingredient,chana_dal,peanuts,coconut_chutney,1½ tbsp chana dal -> 2 tbsp peanuts,Roast peanuts,low,adds peanut allergen,recipe_author,https://www.indianhealthyrecipes.com/coconut-chutney-recipe-idli-dosa-chutney/,acceptable,acceptable,
SUB006,ingredient,urad_dal,chana_dal,coconut_chutney,1:1,,low,,recipe_author,https://www.indianhealthyrecipes.com/coconut-chutney-recipe-idli-dosa-chutney/,acceptable,acceptable,
SUB007,ingredient,fresh_grated_coconut,desiccated_coconut,,¾ cup desiccated + warm water to soak,Soak in warm water 5-7 minutes before grinding,low,,published_guide,https://www.madhuseverydayindian.com/desiccated-coconut-chutney-recipe/,acceptable,acceptable,
SUB008,ingredient,onion,shallots,sambar,1 medium onion -> 12-15 shallots,,low,,recipe_author,https://www.indianhealthyrecipes.com/andhra-sambar-recipe-how-to-make-south-indian-sambar/,acceptable,acceptable,
SUB009,ingredient,ghee,cooking_oil,,1:1 by volume,Tempering fat,low,removes dairy; makes dish vegan-compatible,recipe_author,https://www.indianhealthyrecipes.com/andhra-sambar-recipe-how-to-make-south-indian-sambar/,acceptable,acceptable,Recipes for sambar/rasam/pesarattu/upma say 'ghee or oil'
SUB010,ingredient,ghee,cooking_oil,ven_pongal,1:1,Ghee is a defining flavour of ven pongal,high,removes dairy,curated_unsourced,,acceptable_with_caveat,acceptable_with_caveat,Ghee is marked signature for ven pongal - context-specific override of SUB009
SUB011,ingredient,coriander_seeds,sambar_powder,sambar,homemade powder -> ~2 tbsp store-bought sambar powder,Replaces whole spice-powder component (coriander+chana+urad+methi+cumin+chillies),low,may add gluten via compounded hing in blend,curated_unsourced,,acceptable,acceptable,
SUB012,ingredient,coriander_seeds,rasam_powder,tomato_rasam,roast-and-powder component -> 2 tsp rasam powder,Replaces whole spice-powder component,low,may add gluten via compounded hing in blend,recipe_author,https://www.indianhealthyrecipes.com/tomato-charu-recipe-tomato-rasam-recipe-andhra-style/,acceptable,acceptable,
SUB013,ingredient,tamarind,lemon,gutti_vankaya_kura,1 tbsp tamarind paste <-> 1-1½ tbsp lemon juice,,low,,recipe_author,https://www.indianhealthyrecipes.com/gutti-vankaya-kura-enne-badanekai-recipe/,acceptable,acceptable,
SUB014,ingredient,cashews,peanuts,rava_upma,8-12 cashews -> 2 tbsp peanuts,,low,swaps tree-nut allergen for peanut allergen,recipe_author,https://www.indianhealthyrecipes.com/upma-recipe-how-to-make-upma/,acceptable,acceptable_with_caveat,Taste might change
SUB015,ingredient,peanuts,cashews,lemon_rice,¼ cup peanuts -> ¼ cup cashews,,low,swaps peanut allergen for tree-nut allergen,recipe_author,https://www.indianhealthyrecipes.com/lemon-rice-recipe/,acceptable,acceptable_with_caveat,Taste might change
SUB017,ingredient,green_chilli,dried_red_chilli,lemon_rice,2 green -> 2 dried red,,low,,recipe_author,https://www.indianhealthyrecipes.com/lemon-rice-recipe/,acceptable,acceptable,
SUB018,ingredient,sona_masoori_rice,basmati_rice,lemon_rice,1:1 (aged basmati),,low,,recipe_author,https://www.indianhealthyrecipes.com/lemon-rice-recipe/,acceptable,acceptable,"Different rice , so taste might change"
SUB019,ingredient,sona_masoori_rice,jasmine_rice,,1:1,Jasmine rice is stickier and fragrant; rinse well and use a little less water for mixed-rice dishes,medium,,curated_unsourced,,acceptable_with_caveat,acceptable_with_caveat,Singapore default household rice
SUB020,ingredient,sesame_oil,cooking_oil,pulihora,1:1,,low,removes sesame,recipe_author,https://www.indianhealthyrecipes.com/pulihora-recipe/,acceptable,acceptable,
SUB021,ingredient,dried_red_chilli,red_chilli_powder,gutti_vankaya_kura,4-6 dried chillies -> 1 tsp chilli powder,,low,,recipe_author,https://www.indianhealthyrecipes.com/gutti-vankaya-kura-enne-badanekai-recipe/,acceptable,acceptable,
SUB022,ingredient,fresh_grated_coconut,desiccated_coconut,gutti_vankaya_kura,2 tbsp raw coconut -> unsweetened shredded coconut,,low,,recipe_author,https://www.indianhealthyrecipes.com/gutti-vankaya-kura-enne-badanekai-recipe/,acceptable,acceptable,
SUB023,ingredient,mangalore_cucumber,ash_gourd,avial,1:1 by volume,,low,,published_guide,https://www.chitrasfoodbook.com/mangalore-cucumber-sambar-southekayi/,acceptable,acceptable,Source: 'You can replace sambar southekayi with Ash gourd Pumpkin etc.'
SUB024,ingredient,mangalore_cucumber,pumpkin,avial,1:1 by volume,,low,,published_guide,https://www.chitrasfoodbook.com/mangalore-cucumber-sambar-southekayi/,acceptable,acceptable,
SUB025,ingredient,mangalore_cucumber,zucchini,avial,1:1 by volume,Add late - cooks faster,medium,,curated_unsourced,,acceptable_with_caveat,acceptable_with_caveat,
SUB026,ingredient,mangalore_cucumber,,avial,omit and increase other vegetables,Avial vegetables are flexible,low,,curated_unsourced,,acceptable,acceptable,
SUB027,ingredient,jaggery,gula_melaka,,1:1 by weight,Gula melaka is coconut palm sugar - darker and more caramel,low,,published_guide,https://www.substituteingredient.com/articles/the-complete-guide-to-substituting-jaggery,acceptable,acceptable,Source rates coconut sugar a 1:1 jaggery substitute
SUB028,ingredient,gongura_leaves,gongura_pickle,gongura_pachadi,serve store-bought gongura pickle,Changes from fresh pachadi to a commercial pickle; usually contains garlic,high,may add garlic (not Jain),curated_unsourced,,acceptable_with_caveat,acceptable_with_caveat,Only exact-form route confirmed in Singapore stores
SUB029,ingredient,gongura_leaves,spinach,gongura_pachadi,2 cups gongura -> 2 cups spinach + 1-2 tsp tamarind,Tamarind supplies the sourness gongura normally provides,high,,curated_unsourced,,acceptable_with_caveat,acceptable_with_caveat,No published source found; needs your judgement
SUB030,ingredient,gongura_leaves,raw_mango,gongura_pachadi,2 cups gongura -> 1 small raw mango + greens,Sour element only,high,,curated_unsourced,,unacceptable,unacceptable,Makes a different chutney (mamidikaya pachadi)
SUB031,ingredient,elephant_foot_yam,taro,avial,1:1,Singapore 'yam' is taro - softer and starchier; add later,medium,,curated_unsourced,,acceptable_with_caveat,acceptable_with_caveat,
SUB032,ingredient,drumstick,frozen_drumstick,,1:1,Add frozen,low,,curated_unsourced,,acceptable,acceptable,
SUB033,ingredient,asafoetida,,,omit,For gluten-free diets unless label confirms gluten-free hing,low,removes wheat risk,published_guide,https://internationalglutenfree.com/post/hidden-gluten-hing,acceptable,acceptable,
SUB034,ingredient,kashmiri_chilli,red_chilli_powder,tomato_rasam,1 whole kashmiri -> ¼ tsp mild chilli powder,Kashmiri powder (variant) found in Singapore stores,low,,curated_unsourced,,acceptable,acceptable,
SUB035,ingredient,curd_chillies,dried_red_chilli,gongura_pachadi,4-8 curd chillies -> 1-2 extra dried red chillies,Loses sour-salty crunch,medium,removes dairy (curd chillies are buttermilk-soaked),curated_unsourced,,acceptable_with_caveat,acceptable_with_caveat,
SUB036,ingredient,vadiyalu,,gongura_pachadi,omit,Optional garnish,low,,recipe_author,https://www.indianhealthyrecipes.com/gongura-pachadi-red-sorrel-leaves-chutney/,acceptable,acceptable,Listed 'as needed' in recipe
SUB037,ingredient,curd_yogurt,coconut_milk,curd_rice,1:1,Changes the dish's defining sour dairy base,high,removes dairy,curated_unsourced,,unacceptable,unacceptable,Vegan curd rice is not the same dish - agent should say so
SUB038,ingredient,moong_dal_yellow,green_moong_whole,ven_pongal,1:1,Different colour and longer cooking; skins change texture,high,,curated_unsourced,,unacceptable,unacceptable,
SUB039,ingredient,sesame_oil,cooking_oil,,1:1,Do not use Chinese toasted sesame oil 1:1,low,removes sesame,curated_unsourced,,acceptable,acceptable,
SUB040,utensil,idli_steamer,steamer_pot,idli,small steel bowls or banana-leaf cups in any steamer,Steam ~20 minutes,low,,published_guide,https://hebbarskitchen.com/how-to-make-idli-without-idli-stand/,acceptable,acceptable,
SUB041,utensil,pressure_cooker,saucepan,sambar,cook dal in pot with extra water,Takes longer; soak dal first,low,,recipe_author,https://www.indianhealthyrecipes.com/andhra-sambar-recipe-how-to-make-south-indian-sambar/,acceptable,acceptable,
SUB042,utensil,wet_grinder,mixer_grinder,idli,,Grind in batches with chilled water,low,,recipe_author,https://www.indianhealthyrecipes.com/soft-idli-recipe-using-idli-rava/,acceptable,acceptable,
SUB043,utensil,mixer_grinder,blender,,,High-speed blender works for batter and chutney; small spice quantities grind poorly,low,,recipe_author,https://www.indianhealthyrecipes.com/dosa-recipe-dosa-batter/,acceptable,acceptable,
SUB044,utensil,dosa_tawa,frying_pan,dosa,large flat non-stick pan,,low,,recipe_author,https://www.indianhealthyrecipes.com/dosa-recipe-dosa-batter/,acceptable,acceptable,
SUB045,utensil,kadai,saucepan,medu_vada,deep heavy saucepan for deep frying,,low,,curated_unsourced,,acceptable,acceptable,
SUB046,utensil,mixer_grinder,mortar_pestle,gutti_vankaya_kura,pound roasted stuffing spices,Slow but workable for small quantities,low,,curated_unsourced,,acceptable_with_caveat,acceptable_with_caveat,
SUB047,utensil,idli_steamer,electric_pressure_cooker,idli,idli plates inside Instant Pot (steam mode),,low,,recipe_author,https://www.indianhealthyrecipes.com/soft-idli-recipe-using-idli-rava/,acceptable,acceptable,
